,symbol,frequency,open,high,low,close,volume,amount,pre_close,position,bob,eob
0,SHSE.688288,1d,19.75,19.75,18.12,18.12,1624777,30065595.85,19.37,0,2024-01-29 00:00:00+08:00,2024-01-29 00:00:00+08:00
1,SHSE.688288,1d,18.39,18.39,17.31,17.39,1201908,21342903.28,18.12,0,2024-01-30 00:00:00+08:00,2024-01-30 00:00:00+08:00
2,SHSE.688288,1d,17.43,17.52,16.11,16.21,1634074,27284728.38,17.39,0,2024-01-31 00:00:00+08:00,2024-01-31 00:00:00+08:00
3,SHSE.688288,1d,16.07,16.43,15.49,15.83,1458321,23158151.96,16.21,0,2024-02-01 00:00:00+08:00,2024-02-01 00:00:00+08:00
4,SHSE.688288,1d,15.97,16.15,14.0,14.7,1869172,27943598.27,15.83,0,2024-02-02 00:00:00+08:00,2024-02-02 00:00:00+08:00
5,SHSE.688288,1d,14.57,14.57,11.8,12.22,3101182,39167704.27,14.7,0,2024-02-05 00:00:00+08:00,2024-02-05 00:00:00+08:00
6,SHSE.688288,1d,11.84,12.58,10.69,12.02,2700342,31211059.99,12.22,0,2024-02-06 00:00:00+08:00,2024-02-06 00:00:00+08:00
7,SHSE.688288,1d,12.02,12.02,10.55,10.77,3650055,39635854.42,12.02,0,2024-02-07 00:00:00+08:00,2024-02-07 00:00:00+08:00
8,SHSE.688288,1d,10.94,12.15,9.7,12.1,3715426,40221232.53,10.77,0,2024-02-08 00:00:00+08:00,2024-02-08 00:00:00+08:00
9,SHSE.688288,1d,12.1,13.31,12.1,13.06,3555620,45678770.5,12.1,0,2024-02-19 00:00:00+08:00,2024-02-19 00:00:00+08:00
10,SHSE.688288,1d,13.05,13.58,12.78,13.13,2059792,27061449.27,13.06,0,2024-02-20 00:00:00+08:00,2024-02-20 00:00:00+08:00
11,SHSE.688288,1d,13.13,14.13,13.01,13.59,1577443,21528598.88,13.13,0,2024-02-21 00:00:00+08:00,2024-02-21 00:00:00+08:00
12,SHSE.688288,1d,14.32,14.32,13.59,14.18,1351688,18932134.99,13.59,0,2024-02-22 00:00:00+08:00,2024-02-22 00:00:00+08:00
13,SHSE.688288,1d,14.35,15.55,14.3,15.55,1963143,29442325.32,14.18,0,2024-02-23 00:00:00+08:00,2024-02-23 00:00:00+08:00
14,SHSE.688288,1d,15.95,17.0,15.59,16.27,2300557,37507489.56,15.55,0,2024-02-26 00:00:00+08:00,2024-02-26 00:00:00+08:00
15,SHSE.688288,1d,16.53,16.79,16.14,16.75,1476993,24478578.49,16.27,0,2024-02-27 00:00:00+08:00,2024-02-27 00:00:00+08:00
16,SHSE.688288,1d,16.79,17.4,14.81,14.82,3722885,59497646.66,16.75,0,2024-02-28 00:00:00+08:00,2024-02-28 00:00:00+08:00
17,SHSE.688288,1d,14.51,16.36,14.25,16.34,2953244,45980854.44,14.82,0,2024-02-29 00:00:00+08:00,2024-02-29 00:00:00+08:00
18,SHSE.688288,1d,16.7,17.11,15.95,16.88,1966640,32680775.03,16.34,0,2024-03-01 00:00:00+08:00,2024-03-01 00:00:00+08:00
19,SHSE.688288,1d,17.13,17.29,16.04,16.29,1661562,27288134.11,16.88,0,2024-03-04 00:00:00+08:00,2024-03-04 00:00:00+08:00
20,SHSE.688288,1d,16.17,16.18,15.47,15.8,1798811,28471430.67,16.29,0,2024-03-05 00:00:00+08:00,2024-03-05 00:00:00+08:00
21,SHSE.688288,1d,15.68,15.99,15.22,15.77,1593332,24855605.3,15.8,0,2024-03-06 00:00:00+08:00,2024-03-06 00:00:00+08:00
22,SHSE.688288,1d,15.76,16.21,15.3,15.35,1335343,21027939.3,15.77,0,2024-03-07 00:00:00+08:00,2024-03-07 00:00:00+08:00
23,SHSE.688288,1d,15.4,15.78,15.19,15.58,779143,12072564.95,15.35,0,2024-03-08 00:00:00+08:00,2024-03-08 00:00:00+08:00
24,SHSE.688288,1d,15.5,15.86,15.27,15.73,907863,14114171.78,15.58,0,2024-03-11 00:00:00+08:00,2024-03-11 00:00:00+08:00
25,SHSE.688288,1d,15.89,16.66,15.73,16.48,1479049,24100259.55,15.73,0,2024-03-12 00:00:00+08:00,2024-03-12 00:00:00+08:00
26,SHSE.688288,1d,16.48,16.76,16.12,16.4,1641158,26832410.13,16.48,0,2024-03-13 00:00:00+08:00,2024-03-13 00:00:00+08:00
27,SHSE.688288,1d,16.76,16.76,15.6,15.97,1305099,20818079.77,16.4,0,2024-03-14 00:00:00+08:00,2024-03-14 00:00:00+08:00
28,SHSE.688288,1d,15.97,16.1,15.66,16.0,1214383,19339532.79,15.97,0,2024-03-15 00:00:00+08:00,2024-03-15 00:00:00+08:00
29,SHSE.688288,1d,16.26,16.47,15.82,16.47,1783232,28806455.05,16.0,0,2024-03-18 00:00:00+08:00,2024-03-18 00:00:00+08:00
30,SHSE.688288,1d,16.45,17.1,16.41,16.92,1782658,29955573.72,16.47,0,2024-03-19 00:00:00+08:00,2024-03-19 00:00:00+08:00
31,SHSE.688288,1d,16.84,17.07,16.51,17.06,1455038,24550419.83,16.92,0,2024-03-20 00:00:00+08:00,2024-03-20 00:00:00+08:00
32,SHSE.688288,1d,17.26,17.32,16.5,16.95,1234290,20886960.97,17.06,0,2024-03-21 00:00:00+08:00,2024-03-21 00:00:00+08:00
33,SHSE.688288,1d,17.03,17.2,16.34,16.62,1292988,21482058.23,16.95,0,2024-03-22 00:00:00+08:00,2024-03-22 00:00:00+08:00
34,SHSE.688288,1d,16.43,16.63,15.67,15.81,1268792,20464312.97,16.62,0,2024-03-25 00:00:00+08:00,2024-03-25 00:00:00+08:00
35,SHSE.688288,1d,15.58,16.08,15.22,15.37,1225332,19045323.54,15.81,0,2024-03-26 00:00:00+08:00,2024-03-26 00:00:00+08:00
36,SHSE.688288,1d,15.39,15.66,14.79,14.81,1452566,21963316.62,15.37,0,2024-03-27 00:00:00+08:00,2024-03-27 00:00:00+08:00
37,SHSE.688288,1d,14.62,15.88,14.62,15.63,1386364,21463306.6,14.81,0,2024-03-28 00:00:00+08:00,2024-03-28 00:00:00+08:00
38,SHSE.688288,1d,15.66,15.95,15.36,15.87,1220693,19147507.13,15.63,0,2024-03-29 00:00:00+08:00,2024-03-29 00:00:00+08:00
39,SHSE.688288,1d,15.99,16.45,15.61,16.4,1138848,18411280.84,15.87,0,2024-04-01 00:00:00+08:00,2024-04-01 00:00:00+08:00
40,SHSE.688288,1d,16.47,16.47,15.75,15.99,984402,15766319.32,16.4,0,2024-04-02 00:00:00+08:00,2024-04-02 00:00:00+08:00
41,SHSE.688288,1d,15.9,15.93,15.16,15.54,841276,13024814.05,15.99,0,2024-04-03 00:00:00+08:00,2024-04-03 00:00:00+08:00
42,SHSE.688288,1d,15.54,15.69,14.68,14.68,1091962,16303562.34,15.54,0,2024-04-08 00:00:00+08:00,2024-04-08 00:00:00+08:00
43,SHSE.688288,1d,14.68,14.96,14.43,14.76,931187,13655794.59,14.68,0,2024-04-09 00:00:00+08:00,2024-04-09 00:00:00+08:00
44,SHSE.688288,1d,14.46,14.73,14.05,14.31,933533,13379161.19,14.76,0,2024-04-10 00:00:00+08:00,2024-04-10 00:00:00+08:00
45,SHSE.688288,1d,14.09,15.17,13.96,14.87,1449304,21346614.25,14.31,0,2024-04-11 00:00:00+08:00,2024-04-11 00:00:00+08:00
46,SHSE.688288,1d,14.87,14.92,14.33,14.4,1403365,20414622.53,14.87,0,2024-04-12 00:00:00+08:00,2024-04-12 00:00:00+08:00
47,SHSE.688288,1d,14.33,14.47,12.58,12.77,2259917,29944957.48,14.4,0,2024-04-15 00:00:00+08:00,2024-04-15 00:00:00+08:00
48,SHSE.688288,1d,12.9,12.97,11.23,11.3,2257384,26345471.01,12.77,0,2024-04-16 00:00:00+08:00,2024-04-16 00:00:00+08:00
49,SHSE.688288,1d,11.55,12.76,11.55,12.49,1675274,20782127.65,11.3,0,2024-04-17 00:00:00+08:00,2024-04-17 00:00:00+08:00
50,SHSE.688288,1d,12.91,12.91,12.08,12.43,1732509,21566431.29,12.49,0,2024-04-18 00:00:00+08:00,2024-04-18 00:00:00+08:00
51,SHSE.688288,1d,12.43,12.54,11.75,12.02,1771531,21429341.91,12.43,0,2024-04-19 00:00:00+08:00,2024-04-19 00:00:00+08:00
52,SHSE.688288,1d,12.19,12.39,11.5,12.11,1445637,17355511.7,12.02,0,2024-04-22 00:00:00+08:00,2024-04-22 00:00:00+08:00
53,SHSE.688288,1d,12.21,12.86,12.16,12.65,1398020,17576685.75,12.11,0,2024-04-23 00:00:00+08:00,2024-04-23 00:00:00+08:00
54,SHSE.688288,1d,12.88,13.43,12.34,13.3,1180003,15492192.2,12.65,0,2024-04-24 00:00:00+08:00,2024-04-24 00:00:00+08:00
55,SHSE.688288,1d,13.56,13.67,13.13,13.3,1022058,13678518.88,13.3,0,2024-04-25 00:00:00+08:00,2024-04-25 00:00:00+08:00
56,SHSE.688288,1d,13.23,13.77,13.15,13.63,1076979,14586360.95,13.3,0,2024-04-26 00:00:00+08:00,2024-04-26 00:00:00+08:00
57,SHSE.688288,1d,13.95,14.66,13.95,14.53,1748380,25086789.75,13.63,0,2024-04-29 00:00:00+08:00,2024-04-29 00:00:00+08:00
58,SHSE.688288,1d,14.66,14.95,14.26,14.61,1131234,16444933.43,14.53,0,2024-04-30 00:00:00+08:00,2024-04-30 00:00:00+08:00
59,SHSE.688288,1d,14.78,15.18,14.56,14.8,1548225,22942963.82,14.61,0,2024-05-06 00:00:00+08:00,2024-05-06 00:00:00+08:00
60,SHSE.688288,1d,14.81,15.1,14.5,14.95,1772333,26412945.81,14.8,0,2024-05-07 00:00:00+08:00,2024-05-07 00:00:00+08:00
61,SHSE.688288,1d,15.12,15.3,14.25,14.34,1063027,15362494.5,14.95,0,2024-05-08 00:00:00+08:00,2024-05-08 00:00:00+08:00
62,SHSE.688288,1d,14.34,14.73,14.28,14.42,840591,12189477.21,14.34,0,2024-05-09 00:00:00+08:00,2024-05-09 00:00:00+08:00
63,SHSE.688288,1d,14.56,14.8,14.02,14.05,1039399,14793086.72,14.42,0,2024-05-10 00:00:00+08:00,2024-05-10 00:00:00+08:00
64,SHSE.688288,1d,14.0,14.1,13.2,13.3,1097040,14832216.17,14.05,0,2024-05-13 00:00:00+08:00,2024-05-13 00:00:00+08:00
65,SHSE.688288,1d,13.34,13.81,13.33,13.67,1119353,15250219.25,13.3,0,2024-05-14 00:00:00+08:00,2024-05-14 00:00:00+08:00
66,SHSE.688288,1d,13.85,13.9,13.31,13.37,730886,9869265.26,13.67,0,2024-05-15 00:00:00+08:00,2024-05-15 00:00:00+08:00
67,SHSE.688288,1d,13.5,14.97,13.37,14.34,2192951,31680402.49,13.37,0,2024-05-16 00:00:00+08:00,2024-05-16 00:00:00+08:00
68,SHSE.688288,1d,14.33,14.54,13.89,14.21,1727184,24587194.68,14.34,0,2024-05-17 00:00:00+08:00,2024-05-17 00:00:00+08:00
69,SHSE.688288,1d,14.27,14.57,14.05,14.15,1140111,16273860.27,14.21,0,2024-05-20 00:00:00+08:00,2024-05-20 00:00:00+08:00
70,SHSE.688288,1d,14.05,14.26,13.69,13.84,957972,13322015.27,14.15,0,2024-05-21 00:00:00+08:00,2024-05-21 00:00:00+08:00
71,SHSE.688288,1d,13.96,13.96,13.61,13.84,723762,9965869.17,13.84,0,2024-05-22 00:00:00+08:00,2024-05-22 00:00:00+08:00
72,SHSE.688288,1d,13.99,14.08,13.67,13.69,868875,11993707.48,13.84,0,2024-05-23 00:00:00+08:00,2024-05-23 00:00:00+08:00
73,SHSE.688288,1d,13.72,13.82,13.35,13.58,923629,12607563.47,13.69,0,2024-05-24 00:00:00+08:00,2024-05-24 00:00:00+08:00
74,SHSE.688288,1d,13.61,13.61,12.92,13.32,1006018,13229480.78,13.58,0,2024-05-27 00:00:00+08:00,2024-05-27 00:00:00+08:00
75,SHSE.688288,1d,13.32,13.58,13.0,13.06,901134,11985352.16,13.32,0,2024-05-28 00:00:00+08:00,2024-05-28 00:00:00+08:00
76,SHSE.688288,1d,13.17,13.58,13.17,13.34,919148,12311611.49,13.06,0,2024-05-29 00:00:00+08:00,2024-05-29 00:00:00+08:00
77,SHSE.688288,1d,13.23,13.49,13.01,13.33,679745,9052626.29,13.34,0,2024-05-30 00:00:00+08:00,2024-05-30 00:00:00+08:00
78,SHSE.688288,1d,13.2,13.79,13.07,13.64,881919,11993057.97,13.33,0,2024-05-31 00:00:00+08:00,2024-05-31 00:00:00+08:00
79,SHSE.688288,1d,13.8,14.05,12.9,12.98,1351547,17975959.65,13.64,0,2024-06-03 00:00:00+08:00,2024-06-03 00:00:00+08:00
80,SHSE.688288,1d,12.98,13.33,12.01,12.3,1856447,22872103.68,12.98,0,2024-06-04 00:00:00+08:00,2024-06-04 00:00:00+08:00
81,SHSE.688288,1d,12.52,14.76,12.17,14.76,3914418,54045580.0,12.3,0,2024-06-05 00:00:00+08:00,2024-06-05 00:00:00+08:00
82,SHSE.688288,1d,15.38,15.5,12.91,13.39,8946639,121967512.1,14.76,0,2024-06-06 00:00:00+08:00,2024-06-06 00:00:00+08:00
83,SHSE.688288,1d,13.09,13.65,12.32,12.35,5312100,68160928.95,13.39,0,2024-06-07 00:00:00+08:00,2024-06-07 00:00:00+08:00
84,SHSE.688288,1d,12.5,12.67,11.88,12.53,3645918,44652813.35,12.35,0,2024-06-11 00:00:00+08:00,2024-06-11 00:00:00+08:00
85,SHSE.688288,1d,12.59,13.14,12.45,12.73,3586357,45833076.68,12.53,0,2024-06-12 00:00:00+08:00,2024-06-12 00:00:00+08:00
86,SHSE.688288,1d,12.79,13.94,12.33,13.41,5836681,77240797.86,12.73,0,2024-06-13 00:00:00+08:00,2024-06-13 00:00:00+08:00
87,SHSE.688288,1d,13.33,13.59,12.9,13.37,3473131,45842864.15,13.41,0,2024-06-14 00:00:00+08:00,2024-06-14 00:00:00+08:00
88,SHSE.688288,1d,14.04,14.76,13.68,13.75,5562839,78578295.82,13.37,0,2024-06-17 00:00:00+08:00,2024-06-17 00:00:00+08:00
89,SHSE.688288,1d,13.88,16.5,13.69,16.5,5891321,91479917.39,13.75,0,2024-06-18 00:00:00+08:00,2024-06-18 00:00:00+08:00
90,SHSE.688288,1d,18.62,19.48,17.62,18.25,15083188,275766391.11,16.5,0,2024-06-19 00:00:00+08:00,2024-06-19 00:00:00+08:00
91,SHSE.688288,1d,17.3,21.9,17.24,21.28,17739646,352213337.21,18.25,0,2024-06-20 00:00:00+08:00,2024-06-20 00:00:00+08:00
92,SHSE.688288,1d,19.22,19.55,17.11,17.35,14314354,262854895.1,21.28,0,2024-06-21 00:00:00+08:00,2024-06-21 00:00:00+08:00
93,SHSE.688288,1d,16.94,17.28,15.65,15.8,9100933,148023108.03,17.35,0,2024-06-24 00:00:00+08:00,2024-06-24 00:00:00+08:00
94,SHSE.688288,1d,16.35,16.82,15.33,15.44,7209544,115430341.56,15.8,0,2024-06-25 00:00:00+08:00,2024-06-25 00:00:00+08:00
95,SHSE.688288,1d,15.34,16.08,14.97,15.89,6556254,102166115.02,15.44,0,2024-06-26 00:00:00+08:00,2024-06-26 00:00:00+08:00
96,SHSE.688288,1d,15.89,16.77,15.57,15.83,7061659,114593368.22,15.89,0,2024-06-27 00:00:00+08:00,2024-06-27 00:00:00+08:00
97,SHSE.688288,1d,15.65,16.19,15.41,15.63,5215465,82535057.36,15.83,0,2024-06-28 00:00:00+08:00,2024-06-28 00:00:00+08:00
98,SHSE.688288,1d,15.94,16.26,14.98,15.3,4191747,64409267.49,15.63,0,2024-07-01 00:00:00+08:00,2024-07-01 00:00:00+08:00
99,SHSE.688288,1d,15.16,15.49,15.05,15.25,3303189,50366933.57,15.3,0,2024-07-02 00:00:00+08:00,2024-07-02 00:00:00+08:00
100,SHSE.688288,1d,15.21,15.74,14.81,15.11,4693891,71907599.47,15.25,0,2024-07-03 00:00:00+08:00,2024-07-03 00:00:00+08:00
101,SHSE.688288,1d,15.7,15.96,14.53,14.53,5663510,87009854.33,15.11,0,2024-07-04 00:00:00+08:00,2024-07-04 00:00:00+08:00
102,SHSE.688288,1d,14.32,14.81,14.26,14.32,3743441,54061135.59,14.53,0,2024-07-05 00:00:00+08:00,2024-07-05 00:00:00+08:00
103,SHSE.688288,1d,14.36,14.37,13.58,13.72,3389880,46887225.17,14.32,0,2024-07-08 00:00:00+08:00,2024-07-08 00:00:00+08:00
104,SHSE.688288,1d,13.79,14.13,13.25,14.07,3736321,51400318.7,13.72,0,2024-07-09 00:00:00+08:00,2024-07-09 00:00:00+08:00
105,SHSE.688288,1d,14.1,16.55,14.1,15.03,7015846,107452132.31,14.07,0,2024-07-10 00:00:00+08:00,2024-07-10 00:00:00+08:00
106,SHSE.688288,1d,15.36,15.55,15.0,15.29,5065828,77312894.58,15.03,0,2024-07-11 00:00:00+08:00,2024-07-11 00:00:00+08:00
107,SHSE.688288,1d,15.34,15.89,15.12,15.46,4387661,67955088.01,15.29,0,2024-07-12 00:00:00+08:00,2024-07-12 00:00:00+08:00
108,SHSE.688288,1d,15.42,15.78,14.9,15.11,3722583,56837026.92,15.46,0,2024-07-15 00:00:00+08:00,2024-07-15 00:00:00+08:00
109,SHSE.688288,1d,14.89,15.18,14.69,15.01,2768497,41370142.54,15.11,0,2024-07-16 00:00:00+08:00,2024-07-16 00:00:00+08:00
110,SHSE.688288,1d,15.0,15.18,14.35,14.36,2742480,40108124.95,15.01,0,2024-07-17 00:00:00+08:00,2024-07-17 00:00:00+08:00
111,SHSE.688288,1d,14.27,14.3,13.76,14.09,2555621,35722047.51,14.36,0,2024-07-18 00:00:00+08:00,2024-07-18 00:00:00+08:00
112,SHSE.688288,1d,13.95,14.46,13.85,14.34,2367161,33711941.48,14.09,0,2024-07-19 00:00:00+08:00,2024-07-19 00:00:00+08:00
113,SHSE.688288,1d,14.28,14.6,14.2,14.44,1821636,26240963.66,14.34,0,2024-07-22 00:00:00+08:00,2024-07-22 00:00:00+08:00
114,SHSE.688288,1d,14.44,15.1,14.18,14.22,3418160,50262135.89,14.44,0,2024-07-23 00:00:00+08:00,2024-07-23 00:00:00+08:00
115,SHSE.688288,1d,13.93,14.17,13.55,13.61,2784906,38395559.46,14.22,0,2024-07-24 00:00:00+08:00,2024-07-24 00:00:00+08:00
116,SHSE.688288,1d,13.47,13.92,13.24,13.7,1975372,26827259.67,13.61,0,2024-07-25 00:00:00+08:00,2024-07-25 00:00:00+08:00
117,SHSE.688288,1d,13.91,14.17,13.68,13.85,1812989,25140004.73,13.7,0,2024-07-26 00:00:00+08:00,2024-07-26 00:00:00+08:00
118,SHSE.688288,1d,13.74,14.87,13.61,14.4,3704992,53098564.31,13.85,0,2024-07-29 00:00:00+08:00,2024-07-29 00:00:00+08:00
119,SHSE.688288,1d,14.4,14.56,14.13,14.44,2110019,30389756.66,14.4,0,2024-07-30 00:00:00+08:00,2024-07-30 00:00:00+08:00
120,SHSE.688288,1d,14.46,14.76,14.21,14.7,2956882,42919537.18,14.44,0,2024-07-31 00:00:00+08:00,2024-07-31 00:00:00+08:00
121,SHSE.688288,1d,14.7,15.28,14.7,15.01,3159261,47319469.22,14.7,0,2024-08-01 00:00:00+08:00,2024-08-01 00:00:00+08:00
122,SHSE.688288,1d,14.91,15.06,14.15,14.15,2746019,40062707.77,15.01,0,2024-08-02 00:00:00+08:00,2024-08-02 00:00:00+08:00
123,SHSE.688288,1d,13.98,14.2,13.09,13.13,2594397,35350468.83,14.15,0,2024-08-05 00:00:00+08:00,2024-08-05 00:00:00+08:00
124,SHSE.688288,1d,13.37,13.49,13.04,13.28,2090317,27605420.97,13.13,0,2024-08-06 00:00:00+08:00,2024-08-06 00:00:00+08:00
125,SHSE.688288,1d,13.48,13.58,13.23,13.39,1369593,18393060.12,13.28,0,2024-08-07 00:00:00+08:00,2024-08-07 00:00:00+08:00
126,SHSE.688288,1d,13.36,13.36,12.8,13.14,1743273,22703291.25,13.39,0,2024-08-08 00:00:00+08:00,2024-08-08 00:00:00+08:00
127,SHSE.688288,1d,13.15,13.36,13.07,13.12,1193649,15771181.42,13.14,0,2024-08-09 00:00:00+08:00,2024-08-09 00:00:00+08:00
128,SHSE.688288,1d,13.01,13.02,12.64,12.83,1309552,16738877.8,13.12,0,2024-08-12 00:00:00+08:00,2024-08-12 00:00:00+08:00
129,SHSE.688288,1d,12.89,13.15,12.66,13.07,1131245,14609488.86,12.83,0,2024-08-13 00:00:00+08:00,2024-08-13 00:00:00+08:00
130,SHSE.688288,1d,13.09,13.28,13.04,13.15,1069918,14073649.48,13.07,0,2024-08-14 00:00:00+08:00,2024-08-14 00:00:00+08:00
131,SHSE.688288,1d,13.15,13.63,12.77,13.55,2211990,29479405.39,13.15,0,2024-08-15 00:00:00+08:00,2024-08-15 00:00:00+08:00
132,SHSE.688288,1d,13.55,14.19,13.42,13.93,2295551,31871013.18,13.55,0,2024-08-16 00:00:00+08:00,2024-08-16 00:00:00+08:00
133,SHSE.688288,1d,13.78,13.92,13.41,13.6,1782068,24398596.19,13.93,0,2024-08-19 00:00:00+08:00,2024-08-19 00:00:00+08:00
134,SHSE.688288,1d,13.55,13.75,13.26,13.32,1186291,15982030.3,13.6,0,2024-08-20 00:00:00+08:00,2024-08-20 00:00:00+08:00
135,SHSE.688288,1d,13.05,13.46,13.0,13.14,1067544,14114081.35,13.32,0,2024-08-21 00:00:00+08:00,2024-08-21 00:00:00+08:00
136,SHSE.688288,1d,13.1,13.35,12.44,12.68,1662744,21448924.24,13.14,0,2024-08-22 00:00:00+08:00,2024-08-22 00:00:00+08:00
137,SHSE.688288,1d,12.68,12.81,12.16,12.45,2345519,29079660.42,12.68,0,2024-08-23 00:00:00+08:00,2024-08-23 00:00:00+08:00
138,SHSE.688288,1d,12.35,12.94,12.3,12.87,1931989,24531697.4,12.45,0,2024-08-26 00:00:00+08:00,2024-08-26 00:00:00+08:00
139,SHSE.688288,1d,12.93,12.93,12.25,12.4,1345854,16759301.73,12.87,0,2024-08-27 00:00:00+08:00,2024-08-27 00:00:00+08:00
140,SHSE.688288,1d,12.4,12.63,12.14,12.41,732718,9058105.31,12.4,0,2024-08-28 00:00:00+08:00,2024-08-28 00:00:00+08:00
141,SHSE.688288,1d,12.18,12.79,12.18,12.68,1365136,17184179.24,12.41,0,2024-08-29 00:00:00+08:00,2024-08-29 00:00:00+08:00
142,SHSE.688288,1d,12.71,13.29,12.7,12.91,1804361,23674923.95,12.68,0,2024-08-30 00:00:00+08:00,2024-08-30 00:00:00+08:00
143,SHSE.688288,1d,12.96,13.05,12.31,12.31,1586748,20056746.58,12.91,0,2024-09-02 00:00:00+08:00,2024-09-02 00:00:00+08:00
144,SHSE.688288,1d,12.35,12.67,12.29,12.58,1003372,12544875.55,12.31,0,2024-09-03 00:00:00+08:00,2024-09-03 00:00:00+08:00
145,SHSE.688288,1d,12.68,12.68,12.25,12.32,828862,10277959.86,12.58,0,2024-09-04 00:00:00+08:00,2024-09-04 00:00:00+08:00
146,SHSE.688288,1d,12.6,12.86,12.36,12.65,1331338,16794167.54,12.32,0,2024-09-05 00:00:00+08:00,2024-09-05 00:00:00+08:00
147,SHSE.688288,1d,12.65,12.78,12.15,12.24,1368641,16959600.39,12.65,0,2024-09-06 00:00:00+08:00,2024-09-06 00:00:00+08:00
148,SHSE.688288,1d,12.24,12.24,11.91,12.04,1355915,16336428.61,12.24,0,2024-09-09 00:00:00+08:00,2024-09-09 00:00:00+08:00
149,SHSE.688288,1d,12.04,12.43,11.9,12.34,897444,10864794.53,12.04,0,2024-09-10 00:00:00+08:00,2024-09-10 00:00:00+08:00
150,SHSE.688288,1d,12.34,12.34,12.03,12.17,743723,9058524.48,12.34,0,2024-09-11 00:00:00+08:00,2024-09-11 00:00:00+08:00
151,SHSE.688288,1d,12.53,12.53,12.17,12.2,1220098,15020930.57,12.17,0,2024-09-12 00:00:00+08:00,2024-09-12 00:00:00+08:00
152,SHSE.688288,1d,12.16,12.28,11.8,11.82,1047595,12528267.34,12.2,0,2024-09-13 00:00:00+08:00,2024-09-13 00:00:00+08:00
153,SHSE.688288,1d,11.66,12.12,11.35,11.65,963371,11166969.91,11.82,0,2024-09-18 00:00:00+08:00,2024-09-18 00:00:00+08:00
154,SHSE.688288,1d,11.62,12.22,11.62,12.1,1412696,16953928.61,11.65,0,2024-09-19 00:00:00+08:00,2024-09-19 00:00:00+08:00
155,SHSE.688288,1d,12.11,12.25,11.95,12.06,990093,11970771.79,12.1,0,2024-09-20 00:00:00+08:00,2024-09-20 00:00:00+08:00
156,SHSE.688288,1d,12.06,12.4,11.78,12.24,1266987,15445246.65,12.06,0,2024-09-23 00:00:00+08:00,2024-09-23 00:00:00+08:00
157,SHSE.688288,1d,12.31,12.54,11.93,12.48,1904269,23408200.02,12.24,0,2024-09-24 00:00:00+08:00,2024-09-24 00:00:00+08:00
158,SHSE.688288,1d,12.49,12.89,12.48,12.65,1824302,23183687.43,12.48,0,2024-09-25 00:00:00+08:00,2024-09-25 00:00:00+08:00
159,SHSE.688288,1d,12.55,13.02,12.5,13.0,1861851,23887697.53,12.65,0,2024-09-26 00:00:00+08:00,2024-09-26 00:00:00+08:00
160,SHSE.688288,1d,13.26,13.94,13.26,13.8,2013908,27427692.36,13.0,0,2024-09-27 00:00:00+08:00,2024-09-27 00:00:00+08:00
161,SHSE.688288,1d,14.47,15.88,14.19,15.75,5552481,83662276.88,13.8,0,2024-09-30 00:00:00+08:00,2024-09-30 00:00:00+08:00
162,SHSE.688288,1d,18.47,18.5,16.6,18.11,6453962,113560621.42,15.75,0,2024-10-08 00:00:00+08:00,2024-10-08 00:00:00+08:00
163,SHSE.688288,1d,17.11,17.39,15.79,15.8,5136688,85965720.95,18.11,0,2024-10-09 00:00:00+08:00,2024-10-09 00:00:00+08:00
164,SHSE.688288,1d,16.3,16.93,16.0,16.33,3759816,62052750.6,15.8,0,2024-10-10 00:00:00+08:00,2024-10-10 00:00:00+08:00
165,SHSE.688288,1d,16.17,16.39,14.96,15.1,3806759,58799945.36,16.33,0,2024-10-11 00:00:00+08:00,2024-10-11 00:00:00+08:00
166,SHSE.688288,1d,15.1,15.93,14.86,15.9,2758879,42431863.63,15.1,0,2024-10-14 00:00:00+08:00,2024-10-14 00:00:00+08:00
167,SHSE.688288,1d,16.11,16.6,15.6,15.97,2725240,44267406.19,15.9,0,2024-10-15 00:00:00+08:00,2024-10-15 00:00:00+08:00
168,SHSE.688288,1d,15.97,16.27,15.43,15.97,1839374,29496694.39,15.97,0,2024-10-16 00:00:00+08:00,2024-10-16 00:00:00+08:00
169,SHSE.688288,1d,16.23,16.82,15.75,15.8,2027010,32783485.78,15.97,0,2024-10-17 00:00:00+08:00,2024-10-17 00:00:00+08:00
170,SHSE.688288,1d,15.8,16.87,15.6,16.48,2727173,44381433.76,15.8,0,2024-10-18 00:00:00+08:00,2024-10-18 00:00:00+08:00
171,SHSE.688288,1d,16.7,17.32,16.46,17.05,2938183,49849027.35,16.48,0,2024-10-21 00:00:00+08:00,2024-10-21 00:00:00+08:00
172,SHSE.688288,1d,17.05,17.45,16.59,17.0,2330122,39353387.49,17.05,0,2024-10-22 00:00:00+08:00,2024-10-22 00:00:00+08:00
173,SHSE.688288,1d,16.8,17.68,16.68,17.17,3129738,53786690.89,17.0,0,2024-10-23 00:00:00+08:00,2024-10-23 00:00:00+08:00
174,SHSE.688288,1d,17.01,17.16,16.5,16.73,2437420,40795269.18,17.17,0,2024-10-24 00:00:00+08:00,2024-10-24 00:00:00+08:00
175,SHSE.688288,1d,16.72,17.16,16.72,16.92,1857812,31497793.47,16.73,0,2024-10-25 00:00:00+08:00,2024-10-25 00:00:00+08:00
176,SHSE.688288,1d,16.92,17.3,16.9,17.3,1753245,30090162.97,16.92,0,2024-10-28 00:00:00+08:00,2024-10-28 00:00:00+08:00
177,SHSE.688288,1d,17.5,18.7,17.34,17.7,5953136,108443778.09,17.3,0,2024-10-29 00:00:00+08:00,2024-10-29 00:00:00+08:00
178,SHSE.688288,1d,17.2,17.65,16.7,16.82,3538449,60585726.21,17.7,0,2024-10-30 00:00:00+08:00,2024-10-30 00:00:00+08:00
179,SHSE.688288,1d,16.98,17.5,16.75,17.32,2106899,36203834.39,16.82,0,2024-10-31 00:00:00+08:00,2024-10-31 00:00:00+08:00
180,SHSE.688288,1d,17.11,17.4,16.0,16.11,2721510,45029660.69,17.32,0,2024-11-01 00:00:00+08:00,2024-11-01 00:00:00+08:00
181,SHSE.688288,1d,16.17,16.64,16.01,16.5,1953923,32132302.61,16.11,0,2024-11-04 00:00:00+08:00,2024-11-04 00:00:00+08:00
182,SHSE.688288,1d,16.76,17.33,16.33,17.13,2113728,35882715.94,16.5,0,2024-11-05 00:00:00+08:00,2024-11-05 00:00:00+08:00
183,SHSE.688288,1d,17.16,18.09,17.16,17.53,3046606,53827429.17,17.13,0,2024-11-06 00:00:00+08:00,2024-11-06 00:00:00+08:00
184,SHSE.688288,1d,17.73,17.75,17.25,17.73,2325850,40838459.48,17.53,0,2024-11-07 00:00:00+08:00,2024-11-07 00:00:00+08:00
185,SHSE.688288,1d,17.91,18.48,17.66,17.93,2347750,42574728.69,17.73,0,2024-11-08 00:00:00+08:00,2024-11-08 00:00:00+08:00
186,SHSE.688288,1d,18.05,18.8,17.75,18.8,2335959,43337184.68,17.93,0,2024-11-11 00:00:00+08:00,2024-11-11 00:00:00+08:00
187,SHSE.688288,1d,19.01,19.18,17.9,18.17,2551673,47206088.61,18.8,0,2024-11-12 00:00:00+08:00,2024-11-12 00:00:00+08:00
188,SHSE.688288,1d,17.98,20.3,17.82,19.56,5305224,100331346.3,18.17,0,2024-11-13 00:00:00+08:00,2024-11-13 00:00:00+08:00
189,SHSE.688288,1d,19.94,19.94,17.91,18.05,4342318,80634701.35,19.56,0,2024-11-14 00:00:00+08:00,2024-11-14 00:00:00+08:00
190,SHSE.688288,1d,18.05,18.31,17.3,17.37,3230546,57758137.36,18.05,0,2024-11-15 00:00:00+08:00,2024-11-15 00:00:00+08:00
191,SHSE.688288,1d,17.59,17.67,16.23,16.53,3168914,52751292.34,17.37,0,2024-11-18 00:00:00+08:00,2024-11-18 00:00:00+08:00
192,SHSE.688288,1d,16.41,17.16,16.39,17.06,2052779,34286266.68,16.53,0,2024-11-19 00:00:00+08:00,2024-11-19 00:00:00+08:00
193,SHSE.688288,1d,17.18,17.8,16.88,17.65,2047326,35626980.84,17.06,0,2024-11-20 00:00:00+08:00,2024-11-20 00:00:00+08:00
194,SHSE.688288,1d,17.49,18.08,17.49,17.98,2261484,40269624.62,17.65,0,2024-11-21 00:00:00+08:00,2024-11-21 00:00:00+08:00
195,SHSE.688288,1d,17.43,18.09,16.7,16.7,2469611,43247382.57,17.98,0,2024-11-22 00:00:00+08:00,2024-11-22 00:00:00+08:00
196,SHSE.688288,1d,16.84,17.18,16.51,17.17,1741504,29326846.66,16.7,0,2024-11-25 00:00:00+08:00,2024-11-25 00:00:00+08:00
197,SHSE.688288,1d,17.24,17.56,16.84,16.93,1469018,25153105.71,17.17,0,2024-11-26 00:00:00+08:00,2024-11-26 00:00:00+08:00
198,SHSE.688288,1d,17.0,17.45,16.11,17.38,2052736,34317797.06,16.93,0,2024-11-27 00:00:00+08:00,2024-11-27 00:00:00+08:00
199,SHSE.688288,1d,17.47,17.55,17.02,17.12,1417997,24472209.62,17.38,0,2024-11-28 00:00:00+08:00,2024-11-28 00:00:00+08:00
200,SHSE.688288,1d,17.42,17.54,16.79,17.35,1605829,27672659.48,17.12,0,2024-11-29 00:00:00+08:00,2024-11-29 00:00:00+08:00
201,SHSE.688288,1d,17.39,17.88,17.02,17.82,1890009,33311017.99,17.35,0,2024-12-02 00:00:00+08:00,2024-12-02 00:00:00+08:00
202,SHSE.688288,1d,17.8,19.06,17.71,18.56,4447720,82369721.82,17.82,0,2024-12-03 00:00:00+08:00,2024-12-03 00:00:00+08:00
203,SHSE.688288,1d,18.54,18.54,17.69,18.28,3000779,54331558.98,18.56,0,2024-12-04 00:00:00+08:00,2024-12-04 00:00:00+08:00
204,SHSE.688288,1d,18.11,19.86,18.08,19.56,4130271,79057767.09,18.28,0,2024-12-05 00:00:00+08:00,2024-12-05 00:00:00+08:00
205,SHSE.688288,1d,19.81,20.13,19.02,19.45,3715226,72649023.54,19.56,0,2024-12-06 00:00:00+08:00,2024-12-06 00:00:00+08:00
206,SHSE.688288,1d,19.43,19.92,19.1,19.63,2500942,48621485.41,19.45,0,2024-12-09 00:00:00+08:00,2024-12-09 00:00:00+08:00
207,SHSE.688288,1d,20.0,20.62,19.42,19.43,3368405,67260884.19,19.63,0,2024-12-10 00:00:00+08:00,2024-12-10 00:00:00+08:00
208,SHSE.688288,1d,19.5,19.86,19.35,19.66,2092338,41014835.56,19.43,0,2024-12-11 00:00:00+08:00,2024-12-11 00:00:00+08:00
209,SHSE.688288,1d,20.16,20.9,19.91,20.38,3890891,79112290.19,19.66,0,2024-12-12 00:00:00+08:00,2024-12-12 00:00:00+08:00
210,SHSE.688288,1d,20.4,20.72,19.81,20.04,2475766,50033454.37,20.38,0,2024-12-13 00:00:00+08:00,2024-12-13 00:00:00+08:00
211,SHSE.688288,1d,20.28,20.29,18.91,19.12,2892296,56003908.14,20.04,0,2024-12-16 00:00:00+08:00,2024-12-16 00:00:00+08:00
212,SHSE.688288,1d,19.11,19.2,17.91,18.0,2786301,51206779.68,19.12,0,2024-12-17 00:00:00+08:00,2024-12-17 00:00:00+08:00
213,SHSE.688288,1d,18.29,18.38,17.37,18.14,1788796,32138317.8,18.0,0,2024-12-18 00:00:00+08:00,2024-12-18 00:00:00+08:00
214,SHSE.688288,1d,17.93,18.28,17.69,18.19,1895968,34109520.27,18.14,0,2024-12-19 00:00:00+08:00,2024-12-19 00:00:00+08:00
215,SHSE.688288,1d,18.22,18.95,17.82,18.7,1739972,32328154.18,18.19,0,2024-12-20 00:00:00+08:00,2024-12-20 00:00:00+08:00
216,SHSE.688288,1d,18.6,18.86,17.03,17.18,2223528,39287825.31,18.7,0,2024-12-23 00:00:00+08:00,2024-12-23 00:00:00+08:00
217,SHSE.688288,1d,17.49,18.14,16.63,18.0,2804393,48503523.07,17.18,0,2024-12-24 00:00:00+08:00,2024-12-24 00:00:00+08:00
218,SHSE.688288,1d,17.7,17.8,16.38,16.75,3263592,54972067.67,18.0,0,2024-12-25 00:00:00+08:00,2024-12-25 00:00:00+08:00
219,SHSE.688288,1d,16.93,17.5,16.66,17.16,1731356,29821037.52,16.75,0,2024-12-26 00:00:00+08:00,2024-12-26 00:00:00+08:00
220,SHSE.688288,1d,17.17,17.42,16.76,16.78,1400584,23903581.59,17.16,0,2024-12-27 00:00:00+08:00,2024-12-27 00:00:00+08:00
221,SHSE.688288,1d,16.61,16.79,16.01,16.52,1596768,26244940.94,16.78,0,2024-12-30 00:00:00+08:00,2024-12-30 00:00:00+08:00
222,SHSE.688288,1d,16.62,16.76,16.1,16.1,1312877,21555113.77,16.52,0,2024-12-31 00:00:00+08:00,2024-12-31 00:00:00+08:00
223,SHSE.688288,1d,16.1,16.38,15.24,15.43,3199608,50585553.73,16.1,0,2025-01-02 00:00:00+08:00,2025-01-02 00:00:00+08:00
224,SHSE.688288,1d,15.52,15.67,14.45,14.61,2530718,37829594.44,15.43,0,2025-01-03 00:00:00+08:00,2025-01-03 00:00:00+08:00
225,SHSE.688288,1d,14.45,14.66,13.74,14.25,1822835,26013393.12,14.61,0,2025-01-06 00:00:00+08:00,2025-01-06 00:00:00+08:00
226,SHSE.688288,1d,14.57,15.1,14.36,15.07,2337126,34581429.98,14.25,0,2025-01-07 00:00:00+08:00,2025-01-07 00:00:00+08:00
227,SHSE.688288,1d,14.96,15.12,14.25,14.89,2145934,31748843.06,15.07,0,2025-01-08 00:00:00+08:00,2025-01-08 00:00:00+08:00
228,SHSE.688288,1d,14.8,15.61,14.77,15.19,2065790,31740667.8,14.89,0,2025-01-09 00:00:00+08:00,2025-01-09 00:00:00+08:00
229,SHSE.688288,1d,15.26,15.46,14.45,14.54,1737429,25940070.24,15.19,0,2025-01-10 00:00:00+08:00,2025-01-10 00:00:00+08:00
230,SHSE.688288,1d,14.43,16.73,13.92,15.65,4191018,64531905.77,14.54,0,2025-01-13 00:00:00+08:00,2025-01-13 00:00:00+08:00
231,SHSE.688288,1d,15.81,17.5,15.81,17.1,5412476,90678202.18,15.65,0,2025-01-14 00:00:00+08:00,2025-01-14 00:00:00+08:00
232,SHSE.688288,1d,17.2,17.98,16.61,17.7,5234480,91201712.15,17.1,0,2025-01-15 00:00:00+08:00,2025-01-15 00:00:00+08:00
233,SHSE.688288,1d,17.53,21.24,17.53,21.24,13326487,272726090.62,17.7,0,2025-01-16 00:00:00+08:00,2025-01-16 00:00:00+08:00
234,SHSE.688288,1d,21.24,23.79,21.0,21.6,14294331,321415582.8,21.24,0,2025-01-17 00:00:00+08:00,2025-01-17 00:00:00+08:00
235,SHSE.688288,1d,21.8,23.5,20.86,21.59,7293050,160188992.18,21.6,0,2025-01-20 00:00:00+08:00,2025-01-20 00:00:00+08:00
236,SHSE.688288,1d,21.51,22.5,21.15,21.55,4994871,108495147.76,21.59,0,2025-01-21 00:00:00+08:00,2025-01-21 00:00:00+08:00
237,SHSE.688288,1d,21.26,21.5,19.93,20.08,6416567,131414487.59,21.55,0,2025-01-22 00:00:00+08:00,2025-01-22 00:00:00+08:00
238,SHSE.688288,1d,20.35,20.85,18.99,19.32,6620193,129338006.7,20.08,0,2025-01-23 00:00:00+08:00,2025-01-23 00:00:00+08:00
239,SHSE.688288,1d,19.25,20.12,19.11,19.96,5061031,99528273.59,19.32,0,2025-01-24 00:00:00+08:00,2025-01-24 00:00:00+08:00
240,SHSE.688288,1d,20.45,20.45,19.12,19.12,2767567,53893067.31,19.96,0,2025-01-27 00:00:00+08:00,2025-01-27 00:00:00+08:00
